800.82,355.04,802.43,354.79
794.71,355.12,802.43,354.79
796.30,354.87,802.43,354.79
794.71,355.12,796.30,354.87
796.30,354.87,802.43,354.79
797.88,355.12,804.04,355.04
805.49,355.78,797.88,355.12
799.31,355.85,797.88,355.12
799.31,355.85,805.49,355.78
806.64,356.94,805.49,355.78
800.44,356.99,806.64,356.94
807.38,358.39,806.64,356.94
807.38,358.39,800.44,356.99
807.64,360.00,801.17,358.41
801.42,360.00,801.17,358.41
807.38,361.61,807.64,360.00
807.38,361.61,801.42,360.00
801.17,361.58,801.42,360.00
801.17,361.58,807.38,361.61
806.64,363.06,801.17,361.58
800.44,363.01,801.17,361.58
800.44,363.01,806.64,363.06
805.49,364.21,800.44,363.01
799.31,364.15,805.49,364.21
804.04,364.95,799.31,364.15
797.88,364.88,799.31,364.15
797.88,364.88,804.04,364.95
802.43,365.21,804.04,364.95
802.43,365.21,797.88,364.88
796.30,365.13,797.88,364.88
796.30,365.13,802.43,365.21
800.82,364.95,802.43,365.21
800.82,364.95,796.30,365.13
794.71,364.88,800.82,364.95
799.36,364.21,800.82,364.95
799.36,364.21,794.71,364.88
793.28,364.15,799.36,364.21
798.21,363.06,799.36,364.21
798.21,363.06,793.28,364.15
792.15,363.01,793.28,364.15
792.15,363.01,798.21,363.06
797.47,361.61,798.21,363.06
791.42,361.58,797.47,361.61
797.22,360.00,797.47,361.61
797.22,360.00,791.42,361.58
791.17,360.00,791.42,361.58
791.17,360.00,797.22,360.00
797.47,358.39,797.22,360.00
797.47,358.39,791.17,360.00
791.42,358.41,791.17,360.00
791.42,358.41,797.47,358.39
798.21,356.94,797.47,358.39
798.21,356.94,791.42,358.41
799.36,355.78,798.21,356.94
800.82,355.04,799.36,355.78
794.71,355.12,800.82,355.04
791.42,361.58,792.15,363.01
792.91,352.82,795.24,352.45
797.58,352.82,795.24,352.45
799.68,353.89,797.58,352.82
801.35,355.56,799.68,353.89
803.32,354.13,801.35,355.56
802.42,357.67,801.35,355.56
803.32,354.13,802.42,357.67
804.74,356.91,802.42,357.67
802.79,360.00,802.42,357.67
805.23,360.00,802.79,360.00
801.35,364.43,802.42,362.33
804.74,363.08,801.35,364.43
799.68,366.10,801.35,364.43
797.58,367.18,799.68,366.10
801.11,368.07,797.58,367.18
798.33,369.49,797.58,367.18
792.91,367.18,795.24,367.55
795.24,369.98,792.91,367.18
792.16,369.49,792.91,367.18
790.81,366.10,792.91,367.18
792.16,369.49,790.81,366.10
789.38,368.07,790.81,366.10
789.14,364.43,790.81,366.10
788.07,362.33,789.14,364.43
787.17,365.87,788.07,362.33
788.07,357.67,787.70,360.00
785.26,360.00,788.07,357.67
789.14,355.56,788.07,357.67
787.17,354.13,789.14,355.56
790.81,353.89,789.14,355.56
787.17,354.13,790.81,353.89
789.38,351.92,790.81,353.89
792.91,352.82,790.81,353.89
789.38,351.92,792.91,352.82
792.16,350.51,792.91,352.82
797.58,352.82,795.24,352.45
796.30,354.87,795.24,352.45
797.58,352.82,796.30,354.87
799.31,355.85,799.68,353.89
801.35,355.56,799.31,355.85
800.44,356.99,801.35,355.56
802.42,357.67,800.44,356.99
801.17,358.41,800.44,356.99
801.17,358.41,802.42,357.67
802.79,360.00,801.17,358.41
802.42,362.33,802.79,360.00
802.42,362.33,801.42,360.00
801.17,361.58,801.42,360.00
801.35,364.43,802.42,362.33
801.35,364.43,801.17,361.58
800.44,363.01,801.17,361.58
799.68,366.10,801.35,364.43
800.44,363.01,801.35,364.43
799.68,366.10,800.44,363.01
799.31,364.15,800.44,363.01
797.58,367.18,799.68,366.10
799.31,364.15,799.68,366.10
797.58,367.18,799.31,364.15
797.88,364.88,799.31,364.15
795.24,367.55,797.58,367.18
797.88,364.88,797.58,367.18
795.24,367.55,797.88,364.88
796.30,365.13,797.88,364.88
792.91,367.18,795.24,367.55
796.30,365.13,795.24,367.55
792.91,367.18,796.30,365.13
794.71,364.88,796.30,365.13
794.71,364.88,792.91,367.18
789.14,364.43,790.81,366.10
793.28,364.15,790.81,366.10
789.14,364.43,793.28,364.15
792.15,363.01,793.28,364.15
788.07,362.33,789.14,364.43
792.15,363.01,789.14,364.43
788.07,362.33,792.15,363.01
791.42,361.58,792.15,363.01
787.70,360.00,788.07,362.33
791.42,361.58,788.07,362.33
787.70,360.00,791.42,361.58
791.17,360.00,791.42,361.58
788.07,357.67,787.70,360.00
791.17,360.00,787.70,360.00
788.07,357.67,791.17,360.00
789.14,355.56,788.07,357.67
792.15,356.99,791.42,358.41
790.81,353.89,789.14,355.56
790.81,353.89,792.15,356.99
793.28,355.85,792.15,356.99
794.71,355.12,796.30,354.87
794.71,355.12,795.24,352.45
792.91,352.82,795.24,352.45
793.28,355.85,790.81,353.89
795.24,350.02,798.56,349.98
795.24,350.02,798.33,350.51
795.48,349.05,799.15,349.44
795.48,349.05,798.87,349.59
798.56,349.98,798.33,350.51
801.50,351.47,798.33,350.51
801.11,351.92,798.33,350.51
801.50,351.47,798.56,349.98
802.25,351.02,799.15,349.44
802.25,351.02,798.87,349.59
827.53,384.11,826.26,383.38
803.83,353.80,801.11,351.92
805.33,356.74,803.32,354.13
829.46,371.21,829.43,377.49
804.34,353.56,803.83,353.80
806.28,356.57,804.71,353.47
806.28,356.57,804.34,353.56
832.84,377.84,831.12,377.76
805.85,360.00,804.74,356.91
805.23,360.00,804.74,356.91
806.28,363.43,806.83,360.00
804.71,366.53,805.90,363.38
801.50,368.52,803.32,365.87
801.11,368.07,803.32,365.87
826.97,384.01,826.07,383.94
801.92,368.86,803.83,366.19
802.25,368.98,804.71,366.53
802.25,368.98,804.34,366.43
824.10,377.47,822.96,377.42
798.56,370.02,801.11,368.07
798.33,369.49,801.11,368.07
828.16,374.60,828.20,375.06
801.92,368.86,801.50,368.52
799.15,370.56,802.25,368.98
792.29,370.56,795.72,371.10
826.28,377.56,825.77,377.54
789.38,368.07,792.16,369.49
787.17,365.87,789.38,368.07
786.74,366.53,789.20,368.98
821.72,369.82,822.44,377.40
786.63,366.43,786.78,366.19
785.16,363.43,786.74,366.53
785.26,360.00,785.75,363.08
848.62,372.14,792.29,370.56
785.07,363.38,785.29,363.26
784.62,360.00,785.16,363.43
784.77,360.00,785.26,360.00
784.53,360.00,784.77,360.00
785.16,356.57,784.62,360.00
827.75,383.68,829.06,384.44
823.32,370.69,823.35,370.83
785.16,356.57,784.53,360.00
785.29,356.74,785.75,356.91
831.12,377.76,831.27,378.28
785.07,356.62,785.29,356.74
830.34,384.83,831.42,384.68
786.63,353.56,785.29,356.74
786.74,353.47,785.16,356.57
831.12,377.76,832.80,378.34
785.07,356.62,785.16,356.57
786.74,353.47,785.07,356.62
786.78,353.80,787.17,354.13
786.63,353.56,786.78,353.80
787.17,365.87,789.14,364.43
832.81,371.08,829.20,370.98
786.63,353.56,786.74,353.47
792.05,349.98,789.38,351.92
785.26,360.00,787.70,360.00
792.16,350.51,789.38,351.92
789.05,351.14,789.11,351.47
785.75,356.91,788.07,357.67
792.10,349.59,789.11,351.47
828.93,370.84,829.20,370.98
792.05,349.98,789.11,351.47
829.00,384.40,828.91,384.63
792.29,349.44,789.20,351.02
789.05,351.14,789.20,351.02
792.29,349.44,789.05,351.14
827.25,377.40,825.99,377.34
795.48,349.05,795.31,349.46
792.10,349.59,792.05,349.98
825.99,377.34,826.28,377.56
792.16,350.51,795.24,350.02
828.86,384.74,831.31,384.91
795.31,349.46,795.24,350.02
792.16,350.51,795.31,349.46
827.51,377.61,827.67,378.12
792.05,349.98,795.31,349.46
792.16,350.51,792.05,349.98
830.47,384.60,830.56,384.33
792.10,349.59,795.48,349.05
792.10,349.59,795.72,348.89
828.73,375.83,828.95,375.74
792.29,349.44,795.72,348.89
830.85,377.54,831.06,377.77
823.32,370.69,825.71,370.89
789.20,351.02,786.63,353.56
792.29,349.44,795.72,348.89
852.56,347.23,795.72,348.89
828.79,375.16,828.70,375.61
799.15,349.44,795.72,348.89
860.07,349.67,802.25,351.02
829.30,374.64,829.26,375.10
806.28,356.57,804.71,353.47
828.79,374.63,828.79,375.16
806.83,360.00,806.28,356.57
848.62,347.86,792.29,349.44
832.04,382.49,830.80,383.45
829.26,374.18,829.30,374.64
802.25,368.98,804.71,366.53
828.68,374.10,828.79,374.63
799.15,370.56,802.25,368.98
852.56,372.77,795.72,371.10
820.33,380.73,820.93,381.33
856.51,372.14,799.15,370.56
829.13,373.78,829.26,374.18
792.29,370.56,795.72,371.10
805.90,356.62,805.33,356.74
828.16,374.60,828.20,375.06
786.74,366.53,789.20,368.98
827.47,374.59,827.58,375.12
785.16,363.43,786.74,366.53
828.95,373.51,828.49,373.64
785.16,356.57,784.62,360.00
840.42,356.05,786.74,353.47
840.42,356.05,785.16,356.57
828.20,374.14,828.16,374.60
786.74,353.47,785.16,356.57
842.23,352.49,789.20,351.02
830.80,383.45,830.17,384.24
842.23,352.49,786.74,353.47
827.46,374.06,827.47,374.59
789.20,351.02,786.74,353.47
829.01,384.14,828.11,384.21
845.06,349.67,792.29,349.44
792.29,349.44,789.20,351.02
828.51,373.50,828.73,373.41
798.87,370.41,799.15,370.56
804.04,355.04,802.43,354.79
802.43,360.00,804.04,355.04
831.32,377.71,829.69,377.71
828.37,382.29,826.97,382.51
802.43,360.00,807.64,360.00
829.21,377.69,828.76,375.21
828.37,382.29,823.54,382.32
802.43,360.00,807.38,361.61
829.21,377.69,828.46,376.02
802.43,360.00,800.82,364.95
822.44,377.40,822.65,377.21
786.78,366.19,787.17,365.87
797.22,360.00,797.47,361.61
802.43,360.00,797.47,358.39
821.72,369.82,820.86,369.80
786.63,366.43,786.74,366.53
798.21,356.94,797.47,358.39
827.25,382.45,827.04,382.11
785.16,363.43,786.63,366.43
799.36,355.78,798.21,356.94
831.26,377.93,831.52,377.87
799.36,355.78,802.43,360.00
824.84,369.88,824.78,369.89
823.35,369.88,824.84,369.88
824.84,369.89,824.84,369.88
824.84,369.89,823.35,369.88
824.36,368.42,823.32,369.89
825.99,377.34,827.25,377.40
822.49,368.42,823.32,369.89
823.34,369.89,824.78,369.89
828.73,374.62,828.95,375.74
822.49,368.42,824.36,368.42
824.43,368.25,822.49,368.42
830.85,377.54,829.43,377.49
822.52,368.25,822.49,368.42
822.52,368.25,824.43,368.25
848.62,347.86,795.72,348.89
820.86,369.80,822.90,369.81
821.22,369.81,820.86,369.80
823.72,369.83,822.90,369.81
821.72,369.82,823.72,369.83
827.32,374.58,827.31,374.01
827.51,377.61,827.32,374.58
829.13,375.49,828.52,375.90
828.52,375.90,828.95,375.74
792.10,349.59,792.29,349.44
828.28,375.99,828.52,375.90
828.70,375.61,829.13,375.49
829.26,375.10,829.13,375.49
829.26,375.10,828.70,375.61
802.25,351.02,799.15,349.44
828.51,375.73,828.73,375.83
798.33,350.51,799.68,353.89
828.28,375.99,828.73,375.83
801.11,351.92,801.35,355.56
828.24,384.59,827.94,384.71
804.71,353.47,802.25,351.02
828.01,375.88,828.28,375.99
829.30,374.64,828.79,375.16
806.28,363.43,806.83,360.00
828.32,375.46,828.51,375.73
828.01,375.88,828.51,375.73
795.72,371.10,799.15,370.56
828.20,375.06,828.32,375.46
827.77,375.57,828.32,375.46
823.17,382.53,824.42,383.49
828.68,374.10,829.26,374.18
829.13,373.78,828.68,374.10
789.20,368.98,792.29,370.56
828.49,373.64,828.68,374.10
800.82,355.04,802.43,354.79
827.58,375.12,828.20,375.06
828.49,373.64,829.13,373.78
824.62,383.29,823.44,382.36
828.24,373.33,828.49,373.64
821.88,379.35,822.52,380.61
827.47,374.59,828.16,374.60
827.97,373.21,828.95,373.51
827.97,373.21,828.24,373.33
828.95,373.51,828.24,373.33
829.66,383.58,829.83,383.35
827.55,373.61,828.20,374.14
827.46,374.06,828.20,374.14
822.84,374.98,822.84,380.93
827.97,373.21,828.73,373.41
828.51,373.50,827.97,373.21
827.73,373.31,827.97,373.21
827.73,373.31,828.51,373.50
828.32,373.75,828.51,373.50
827.73,373.31,828.32,373.75
829.48,380.93,829.48,374.98
829.92,382.90,828.13,382.51
827.73,373.31,827.55,373.61
822.18,382.21,822.85,382.24
827.61,373.20,827.42,373.52
798.87,370.41,801.50,368.52
831.18,383.88,829.92,382.90
827.31,374.01,827.42,373.52
852.56,347.23,799.15,349.44
827.55,373.61,827.42,373.52
831.18,383.88,830.19,382.73
827.31,374.01,827.55,373.61
827.46,374.06,827.31,374.01
827.81,378.14,827.93,377.72
829.06,384.44,828.86,384.74
795.48,370.95,798.56,370.02
827.43,375.16,827.32,374.58
830.46,382.30,829.85,378.17
827.43,375.16,827.47,374.59
827.64,375.66,827.43,375.16
826.26,383.38,825.08,382.45
827.58,375.12,827.43,375.16
792.05,370.02,795.24,369.98
826.28,383.60,825.04,382.63
827.64,375.66,827.58,375.12
827.77,375.57,827.58,375.12
792.10,370.41,795.31,370.54
824.80,381.94,823.47,382.15
827.91,376.00,827.64,375.66
831.40,378.30,831.52,377.87
827.77,375.57,827.64,375.66
824.80,381.94,823.54,382.32
827.91,376.00,827.77,375.57
824.93,382.10,823.54,382.32
828.01,375.88,827.77,375.57
828.01,375.88,827.91,376.00
789.05,368.86,792.05,370.02
826.00,381.33,824.80,381.94
828.46,376.02,828.20,376.12
828.28,375.99,828.20,376.12
826.00,381.33,824.93,382.10
828.46,376.02,828.28,375.99
826.18,381.46,824.93,382.10
826.11,378.07,826.13,377.70
828.52,375.90,828.28,375.99
828.66,375.70,828.46,376.02
828.52,375.90,828.46,376.02
786.78,366.19,789.38,368.07
828.66,375.70,828.52,375.90
828.70,375.61,828.52,375.90
826.60,380.73,826.00,381.33
828.70,375.61,828.66,375.70
282.39,461.38,328.98,298.84
785.07,363.38,786.78,366.19
832.25,382.39,831.64,378.25
828.64,374.05,828.75,374.63
828.64,374.05,828.79,374.63
828.43,373.56,828.64,374.05
828.49,373.64,828.68,374.10
551.23,483.16,674.68,230.02
784.53,360.00,785.29,363.26
828.16,373.22,828.43,373.56
828.16,373.22,828.49,373.64
826.97,369.81,826.07,383.94
828.24,373.33,828.49,373.64
856.51,347.86,799.15,349.44
826.84,374.89,826.18,374.22
826.97,369.81,824.89,383.57
828.24,373.33,828.16,373.22
827.88,373.10,828.24,373.33
827.97,373.21,827.73,373.31
829.50,384.20,828.24,384.59
827.61,373.20,827.73,373.31
830.80,383.45,829.50,384.20
827.97,373.21,827.61,373.20
826.60,374.95,826.60,380.73
827.97,373.21,827.88,373.10
826.97,384.01,827.28,384.67
822.60,381.95,822.51,382.49
792.10,370.41,792.29,370.56
804.04,364.95,805.49,364.21
826.44,378.02,826.13,377.70
826.07,383.94,826.97,384.01
789.20,368.98,792.10,370.41
826.98,384.63,827.94,384.71
826.31,384.59,827.28,384.67
827.94,384.71,828.06,384.48
828.79,374.63,828.75,374.63
828.11,384.21,827.21,384.14
828.75,384.23,829.66,384.30
823.34,369.89,824.78,369.89
827.21,384.14,829.66,384.30
828.11,384.21,829.66,384.30
829.26,374.18,828.79,374.63
829.71,384.58,828.77,384.50
822.68,376.60,822.46,377.99
821.72,369.82,823.34,369.89
829.71,384.58,828.75,384.23
831.26,377.93,831.32,377.71
799.36,355.78,800.82,355.04
821.72,369.82,824.78,369.89
803.32,365.87,801.35,364.43
828.86,384.74,829.83,384.83
831.31,384.91,831.42,384.68
831.42,384.68,830.47,384.60
795.48,370.95,795.31,370.54
830.56,384.33,833.10,384.50
785.75,356.91,789.14,355.56
823.34,369.89,823.46,371.05
785.07,356.62,784.53,360.00
827.95,383.48,829.06,384.44
823.32,369.89,823.35,370.83
823.35,369.88,823.35,370.83
827.95,383.48,827.75,383.68
823.32,369.89,823.35,369.88
825.94,371.11,823.46,371.05
823.35,370.83,823.46,371.05
825.94,371.11,823.35,370.83
827.67,378.12,827.51,377.61
825.44,370.75,829.20,370.98
795.24,369.98,795.24,367.55
825.71,370.89,825.94,371.11
829.46,371.21,825.71,370.89
804.74,356.91,803.32,354.13
792.10,349.59,789.05,351.14
828.93,370.84,832.81,371.08
804.04,355.04,796.30,354.87
833.09,371.30,829.46,371.21
822.10,368.80,823.32,370.69
823.32,369.89,823.32,370.69
803.83,366.19,804.74,363.08
804.74,363.08,802.42,362.33
822.49,368.42,823.32,369.89
797.88,355.12,796.30,354.87
830.80,384.74,830.66,384.50
821.72,369.82,823.46,371.05
831.01,384.55,829.69,383.80
829.46,371.21,828.75,374.63
806.43,360.00,805.85,360.00
828.32,375.46,828.51,375.73
804.34,366.43,803.83,366.19
830.13,383.77,829.01,384.14
822.52,368.25,822.10,368.80
804.34,366.43,804.71,366.53
830.13,383.77,831.34,383.07
822.52,368.25,822.49,368.42
830.13,383.77,831.50,383.29
822.52,368.25,822.13,368.63
801.50,368.52,801.11,368.07
829.83,383.35,828.86,382.53
828.47,382.63,828.31,382.39
825.05,384.20,826.31,384.59
823.28,382.11,823.44,382.36
826.07,383.94,826.31,384.59
828.47,382.63,828.13,382.51
825.05,384.20,826.07,383.94
823.75,383.45,825.05,384.20
832.25,382.39,829.85,378.17
827.58,375.12,827.47,374.59
823.75,383.45,824.89,383.57
823.69,382.87,824.89,383.57
828.32,373.75,828.73,374.62
795.31,370.54,795.24,369.98
806.64,356.94,805.49,355.78
822.80,377.92,823.28,382.11
825.05,384.20,826.31,384.59
805.49,355.78,804.04,355.04
825.72,384.24,826.98,384.63
807.38,358.39,806.64,356.94
824.42,383.49,825.72,384.24
830.56,384.33,831.47,384.41
824.89,383.57,826.07,383.94
795.48,370.95,795.72,371.10
807.64,360.00,807.38,358.39
823.75,383.45,825.05,384.20
823.75,383.45,824.42,383.49
820.93,374.35,820.33,374.95
828.28,375.99,828.01,375.88
822.51,382.49,823.75,383.45
822.51,382.49,823.69,382.87
822.51,382.49,823.75,383.45
802.43,360.00,804.04,364.95
784.62,360.00,785.16,363.43
824.62,383.29,823.17,382.53
802.43,360.00,802.43,365.21
823.44,382.36,823.17,382.53
829.66,383.58,828.47,382.63
822.85,382.24,823.17,382.53
789.05,368.86,789.11,368.52
822.60,381.95,821.22,369.81
822.18,382.21,822.85,382.24
789.05,368.86,789.20,368.98
822.44,377.40,822.39,377.90
798.21,363.06,799.36,364.21
822.80,377.92,823.28,382.11
822.60,381.95,820.86,369.80
822.18,382.21,823.17,382.53
829.46,371.21,828.64,374.05
822.51,382.49,823.17,382.53
801.11,351.92,799.68,353.89
828.24,384.59,827.28,384.67
828.01,375.88,828.73,375.83
827.12,384.40,826.98,384.63
825.72,384.24,827.12,384.40
825.88,384.02,827.12,384.40
824.42,383.49,825.72,384.24
824.62,383.29,824.42,383.49
827.77,375.57,828.51,375.73
830.34,384.83,831.31,384.91
825.88,384.02,824.62,383.29
820.86,369.80,821.22,369.81
824.62,383.29,823.44,382.36
827.58,375.12,828.32,375.46
823.93,382.26,823.44,382.36
824.88,383.07,823.93,382.26
804.71,353.47,801.92,351.14
822.18,382.21,822.51,382.49
822.80,377.92,823.72,381.94
823.13,377.87,823.72,381.94
795.48,349.05,792.05,349.98
823.72,381.94,823.93,382.26
823.72,381.94,825.46,382.35
826.26,383.38,825.46,382.35
825.25,382.02,825.46,382.35
827.47,374.59,828.20,375.06
823.28,382.11,822.85,382.24
826.31,384.59,826.98,384.63
822.39,377.90,822.85,382.24
822.39,377.90,823.28,382.11
839.79,360.00,784.62,360.00
785.07,356.62,784.77,360.00
797.47,361.61,792.15,363.01
822.39,377.90,822.85,382.24
827.88,373.10,827.61,373.20
822.39,377.90,822.18,382.21
822.39,377.90,822.18,382.21
827.46,374.06,828.16,374.60
820.86,369.80,822.18,382.21
822.39,377.90,820.86,369.80
827.21,384.14,827.12,384.40
789.11,351.47,789.38,351.92
827.51,377.61,827.43,375.16
825.88,384.02,827.12,384.40
828.32,373.75,828.20,374.14
827.51,377.61,828.20,376.12
825.88,384.02,827.21,384.14
826.10,383.77,825.88,384.02
826.10,383.77,824.62,383.29
824.88,383.07,824.62,383.29
826.10,383.77,824.88,383.07
824.88,383.07,823.93,382.26
826.97,369.81,827.59,369.83
826.42,383.16,825.46,382.35
825.25,382.02,825.46,382.35
826.19,382.41,824.72,382.34
827.59,369.83,823.11,369.83
824.92,382.20,825.08,382.45
823.13,377.87,822.80,377.92
823.47,377.84,820.33,374.95
822.81,377.56,822.80,377.92
823.13,377.87,822.81,377.56
823.13,377.87,823.14,377.51
826.10,383.77,828.75,384.23
826.10,383.77,827.21,384.14
827.64,383.86,826.10,383.77
824.88,383.07,826.10,383.77
827.64,383.86,824.88,383.07
826.42,383.16,824.88,383.07
827.64,383.86,826.42,383.16
825.08,382.45,825.46,382.35
823.14,377.51,823.13,377.87
822.16,382.10,820.91,381.46
824.53,377.57,824.65,377.94
823.13,377.87,824.65,377.94
828.79,374.63,829.30,374.64
824.92,382.20,825.08,382.45
824.92,382.20,825.25,382.02
792.29,370.56,795.48,370.95
823.14,377.51,822.81,377.56
824.65,377.94,825.25,382.02
824.35,377.42,823.28,377.37
823.14,377.51,824.35,377.42
828.46,376.02,828.20,376.12
824.53,377.57,824.35,377.42
823.14,377.51,824.53,377.57
822.39,377.90,822.80,377.92
820.33,380.73,820.25,380.80
826.98,384.63,827.94,384.71
829.43,377.49,829.69,377.71
822.81,377.56,822.39,377.90
823.28,377.37,823.14,377.51
845.06,349.67,789.20,351.02
822.81,377.56,823.14,377.51
827.21,384.14,828.11,384.21
828.77,384.50,828.75,384.23
824.84,369.88,823.34,369.89
827.64,383.86,828.75,384.23
827.64,383.86,828.77,384.50
826.50,382.71,824.72,382.34
827.53,384.11,828.77,384.50
826.42,383.16,827.64,383.86
823.32,369.89,824.84,369.89
827.53,384.11,826.42,383.16
826.26,383.38,826.42,383.16
827.53,384.11,826.26,383.38
826.61,382.29,826.11,378.07
825.04,382.63,825.08,382.45
822.96,377.42,822.44,377.40
827.97,373.21,828.24,373.33
828.06,384.48,827.94,384.71
826.26,383.38,825.04,382.63
824.53,377.57,824.65,377.94
824.43,377.99,824.53,377.57
824.30,377.63,824.53,377.57
824.43,377.99,824.30,377.63
789.11,351.47,787.17,354.13
827.53,384.11,827.64,383.86
826.50,382.71,826.19,382.41
852.56,372.77,792.29,370.56
829.20,370.98,829.46,371.21
829.85,378.17,831.64,378.25
824.26,377.98,824.92,382.20
805.33,356.74,804.74,356.91
785.29,363.26,785.75,363.08
852.56,372.77,795.72,371.10
829.20,370.98,825.71,370.89
824.26,377.98,824.72,382.34
824.92,382.20,824.72,382.34
826.19,382.41,825.73,378.04
826.11,378.07,825.73,378.04
790.81,366.10,792.91,367.18
832.37,384.60,831.42,384.68
826.19,382.41,826.11,378.07
824.30,377.63,824.53,377.57
792.91,352.82,790.81,353.89
822.96,377.42,823.28,377.37
824.35,377.42,822.96,377.42
824.10,377.47,822.96,377.42
824.35,377.42,824.10,377.47
785.07,363.38,785.16,363.43
848.62,372.14,789.20,368.98
832.73,369.81,827.59,369.83
827.51,377.61,827.31,374.01
822.96,377.42,822.81,377.56
822.96,377.42,822.81,377.56
822.44,377.40,822.81,377.56
832.73,369.81,826.97,369.81
824.65,377.94,825.25,382.02
822.65,377.21,822.44,377.40
827.59,384.35,828.86,384.74
828.77,384.50,828.86,384.74
827.53,384.11,828.77,384.50
825.94,371.11,827.51,377.61
826.28,383.60,826.26,383.38
803.83,353.80,801.50,351.47
827.53,384.11,826.28,383.60
827.59,384.35,826.28,383.60
827.53,384.11,827.59,384.35
793.28,355.85,800.82,355.04
831.90,384.11,831.68,383.86
827.73,373.31,827.42,373.52
829.46,371.21,829.21,377.69
826.50,382.71,825.04,382.63
832.06,382.83,831.90,382.58
827.75,383.68,826.50,382.71
826.77,382.54,826.61,382.29
826.50,382.71,826.19,382.41
826.61,382.29,826.44,378.02
826.61,382.29,826.11,378.07
826.44,378.02,826.11,378.07
826.44,378.02,827.93,377.72
827.74,377.56,826.60,377.51
806.43,360.00,805.90,356.62
826.45,377.66,827.74,377.56
806.83,360.00,805.90,356.62
827.93,377.72,827.74,377.56
826.45,377.66,827.93,377.72
823.69,382.87,822.60,381.95
792.05,370.02,792.16,369.49
806.64,363.06,807.38,361.61
826.60,377.51,826.45,377.66
826.13,377.70,826.45,377.66
805.49,364.21,806.64,363.06
826.31,384.59,827.28,384.67
826.28,377.56,826.13,377.70
824.30,377.63,824.43,377.99
829.81,375.31,831.27,376.60
824.10,377.47,824.26,377.98
824.43,377.99,824.26,377.98
823.17,382.53,822.85,382.24
831.27,378.28,831.40,378.30
826.13,377.70,825.73,378.04
826.60,374.95,826.84,380.80
827.75,383.68,826.77,382.54
823.84,377.26,824.10,377.47
832.07,369.83,827.59,369.83
831.26,377.93,831.06,377.77
826.60,380.73,826.00,381.33
824.10,377.47,824.30,377.63
806.64,356.94,799.31,355.85
828.77,384.50,829.83,384.83
798.56,370.02,801.50,368.52
824.10,377.47,822.65,377.21
828.86,384.74,829.83,384.83
832.02,383.02,831.74,382.70
823.84,377.26,822.65,377.21
828.77,384.50,829.71,384.58
824.10,377.47,823.84,377.26
830.45,376.56,830.67,377.96
795.48,370.95,798.87,370.41
829.06,384.44,826.28,383.60
802.43,360.00,805.49,364.21
829.21,377.69,828.20,376.12
795.72,371.10,798.87,370.41
827.75,383.68,826.28,383.60
829.06,384.44,827.75,383.68
792.15,356.99,789.14,355.56
822.10,368.80,823.32,370.69
832.37,384.60,831.42,384.68
827.75,383.68,826.50,382.71
827.95,383.48,826.77,382.54
826.61,382.29,827.04,382.11
826.44,378.02,828.05,378.09
828.65,382.20,826.44,378.02
830.02,382.48,829.53,378.22
828.73,374.62,829.13,373.78
827.04,382.11,826.44,378.02
827.68,377.77,827.93,377.72
807.38,361.61,807.64,360.00
827.74,377.56,827.93,377.72
827.48,377.61,827.68,377.77
827.48,377.61,826.28,377.56
828.86,382.53,828.65,382.20
825.77,377.54,826.13,377.70
828.31,382.39,827.81,378.14
845.06,370.33,789.20,368.98
825.73,378.04,824.26,377.98
801.17,358.41,800.44,356.99
830.63,375.34,829.63,374.34
824.10,377.47,824.26,377.98
826.97,369.81,827.87,383.94
801.17,358.41,807.38,358.39
830.63,375.34,829.48,374.98
831.74,382.70,831.90,382.58
824.10,377.47,825.73,378.04
829.43,377.49,829.21,377.69
803.83,353.80,803.32,354.13
825.77,377.54,824.10,377.47
825.58,382.29,820.91,381.46
829.85,378.17,829.87,377.80
807.64,360.00,807.38,358.39
829.81,375.31,829.48,374.98
828.05,378.09,827.93,377.72
825.77,377.54,825.73,378.04
828.79,375.16,829.26,375.10
785.75,356.91,785.26,360.00
829.23,384.21,830.47,384.60
789.11,368.52,789.38,368.07
800.82,364.95,802.43,365.21
828.73,374.62,828.51,373.50
826.13,377.70,826.11,378.07
829.23,384.21,830.34,384.83
785.29,356.74,784.77,360.00
840.42,363.94,784.62,360.00
829.06,384.44,830.34,384.83
839.79,360.00,785.16,356.57
827.95,383.48,829.23,384.21
829.06,384.44,829.23,384.21
825.73,378.04,826.19,382.41
797.47,361.61,798.21,363.06
825.73,378.04,824.72,382.34
824.72,382.34,825.08,382.45
826.61,382.29,826.19,382.41
828.21,383.26,826.77,382.54
828.65,382.20,827.04,382.11
827.48,377.61,827.68,377.77
785.75,363.08,787.70,360.00
827.51,377.61,827.68,377.77
827.48,377.61,826.28,377.56
827.48,377.61,825.99,377.34
687.37,372.27,674.68,230.02
829.23,384.21,830.56,384.33
829.23,384.21,830.47,384.60
827.95,383.48,828.21,383.26
827.55,373.61,828.32,373.75
829.50,384.20,827.87,383.94
827.95,383.48,829.44,383.97
829.06,383.57,827.87,383.94
829.23,384.21,829.44,383.97
831.26,377.93,831.52,377.87
829.83,383.35,827.25,382.45
828.31,382.39,827.81,378.14
831.06,384.06,828.21,383.26
804.71,353.47,802.25,351.02
825.44,370.75,825.71,370.89
829.83,383.35,828.21,383.26
825.73,378.04,826.11,378.07
829.48,380.93,826.84,380.80
820.86,369.80,823.72,369.83
827.51,377.61,829.16,378.19
805.85,360.00,805.33,356.74
803.32,354.13,801.11,351.92
829.21,377.69,827.51,377.61
784.53,360.00,785.07,363.38
842.23,367.50,786.74,366.53
830.23,384.02,831.47,383.49
829.69,377.71,829.54,377.85
829.83,383.35,831.06,384.06
828.43,373.56,828.64,374.05
829.66,383.58,828.47,382.63
829.66,383.58,828.43,382.82
831.34,383.07,832.30,382.26
823.17,382.53,823.75,383.45
829.69,383.80,828.43,382.82
827.74,377.56,827.68,377.77
803.83,366.19,805.33,363.26
827.67,378.12,828.13,382.51
829.54,377.85,829.53,378.22
801.50,368.52,803.83,366.19
829.16,378.19,829.53,378.22
826.07,383.94,827.28,384.67
826.44,378.02,826.45,377.66
828.65,382.20,828.05,378.09
798.87,370.41,801.92,368.86
829.69,383.80,829.66,383.58
828.32,373.75,828.20,374.14
795.31,370.54,798.56,370.02
830.94,384.31,831.01,384.55
828.43,382.82,828.13,382.51
802.43,360.00,806.64,356.94
829.63,382.59,829.16,378.19
792.05,370.02,795.31,370.54
829.53,378.22,829.16,378.19
820.86,369.80,822.44,377.40
828.21,383.26,827.25,382.45
829.21,377.69,828.75,374.63
831.32,377.71,830.02,377.66
802.43,360.00,807.38,358.39
829.63,382.59,829.53,378.22
821.22,369.81,822.90,369.81
822.16,382.10,826.97,382.51
829.87,377.80,830.02,377.66
822.68,379.39,822.52,380.61
832.04,382.49,830.80,383.45
827.87,383.94,826.97,384.01
822.16,382.10,823.54,382.32
829.87,377.80,831.32,377.71
832.07,384.35,830.80,384.74
831.52,377.87,831.32,377.71
829.69,383.80,828.43,382.82
786.63,366.43,789.05,368.86
829.92,382.90,828.43,382.82
827.88,373.10,828.16,373.22
827.95,383.48,826.77,382.54
827.74,377.56,827.48,377.61
830.02,382.48,829.85,378.17
828.86,382.53,827.04,382.11
785.07,363.38,786.63,366.43
829.85,378.17,829.53,378.22
799.36,355.78,792.15,356.99
830.85,377.54,829.43,377.49
829.85,378.17,829.87,377.80
820.33,374.95,820.33,380.73
831.52,377.87,829.87,377.80
831.50,383.29,832.30,382.26
789.11,351.47,786.78,353.80
829.69,383.80,831.01,384.55
840.42,363.94,785.16,363.43
785.29,356.74,785.26,360.00
797.47,358.39,797.22,360.00
829.85,378.17,831.52,377.87
830.34,384.83,830.47,384.60
842.23,367.50,785.16,363.43
830.23,384.02,830.17,384.24
793.28,355.85,799.36,355.78
830.19,382.73,829.92,382.90
831.32,377.71,831.52,377.87
831.12,377.76,830.85,377.54
827.32,374.58,827.46,374.06
827.12,384.40,828.06,384.48
830.67,382.63,830.02,382.48
806.28,363.43,806.43,360.00
827.47,374.59,827.46,374.06
830.19,382.73,830.02,382.48
803.32,365.87,804.74,363.08
822.10,368.80,823.32,369.89
832.25,382.39,831.64,378.25
792.16,350.51,795.24,352.45
827.25,382.45,827.04,382.11
830.34,384.83,831.31,384.91
831.06,384.06,832.18,384.43
803.83,366.19,803.32,365.87
831.64,378.25,831.52,377.87
802.43,360.00,805.49,355.78
826.77,382.54,826.61,382.29
830.23,384.02,829.01,384.14
822.13,368.63,822.10,368.80
828.11,384.21,828.06,384.48
831.40,378.30,831.26,377.93
831.38,383.67,832.50,384.64
831.38,383.67,831.18,383.88
830.19,382.73,830.67,382.63
798.56,370.02,798.33,369.49
828.43,382.82,828.13,382.51
824.89,383.57,826.07,383.94
831.64,383.46,830.67,382.63
824.89,383.57,825.05,384.20
826.84,380.80,826.18,381.46
831.64,383.46,830.19,382.73
824.72,382.34,826.19,382.41
795.72,371.10,799.15,370.56
832.46,382.73,830.46,382.30
832.25,382.39,830.46,382.30
826.97,369.81,823.11,369.83
831.40,378.30,831.64,378.25
831.40,378.30,831.26,377.93
822.16,382.10,822.14,381.94
824.53,377.57,823.13,377.87
831.12,377.76,831.26,377.93
831.40,378.30,831.12,377.76
831.27,378.28,831.12,377.76
823.72,381.94,825.25,382.02
829.92,382.90,829.63,382.59
831.38,383.67,831.64,383.46
829.92,382.90,830.02,382.48
826.77,382.54,826.50,382.71
785.75,363.08,787.17,365.87
795.24,367.55,797.58,367.18
802.43,360.00,797.47,361.61
823.69,382.87,823.75,383.45
831.68,383.86,831.34,383.07
831.64,383.46,830.67,382.63
832.46,382.73,830.67,382.63
827.74,377.56,826.28,377.56
785.29,363.26,786.78,366.19
830.02,382.48,829.63,382.59
831.90,382.58,831.40,378.30
828.68,374.10,828.79,374.63
827.75,383.68,825.04,382.63
828.68,374.10,828.64,374.05
827.25,377.40,827.51,377.61
801.50,351.47,801.11,351.92
824.36,368.42,824.84,369.89
829.63,381.65,824.93,382.10
828.31,382.39,828.05,378.09
784.77,360.00,785.29,363.26
831.90,382.58,831.27,378.28
828.49,373.64,828.43,373.56
826.50,382.71,826.61,382.29
831.74,382.70,831.27,378.28
826.13,377.70,826.45,377.66
829.63,374.34,828.37,373.70
828.73,374.62,829.13,375.49
827.68,377.77,827.93,377.72
801.92,351.14,798.56,349.98
832.02,383.02,831.74,382.70
831.18,383.88,829.92,382.90
805.85,360.00,805.23,360.00
832.06,382.83,831.74,382.70
825.46,382.35,823.93,382.26
831.18,383.88,828.43,382.82
845.06,370.33,786.74,366.53
825.99,377.34,825.77,377.54
832.06,382.83,831.90,382.58
829.00,384.40,828.06,384.48
828.47,382.63,828.65,382.20
804.34,353.56,801.50,351.47
832.04,382.49,830.26,382.87
823.32,380.65,822.84,380.93
789.38,368.07,789.14,364.43
828.91,384.63,827.94,384.71
830.80,383.45,829.50,384.20
829.69,377.71,829.54,377.85
826.18,374.22,824.93,373.58
827.87,383.94,826.97,384.01
795.24,350.02,795.24,352.45
801.92,368.86,804.34,366.43
829.54,377.85,829.87,377.80
829.69,377.71,829.21,377.69
822.14,381.94,820.93,381.33
826.18,374.22,824.80,373.74
827.87,383.94,827.28,384.67
800.44,356.99,799.31,355.85
828.76,375.21,828.75,374.63
828.91,384.63,827.94,384.71
828.86,382.53,828.65,382.20
828.91,384.63,828.06,384.48
830.67,382.63,830.46,382.30
828.75,374.63,828.76,375.21
829.00,384.40,828.06,384.48
827.74,377.56,826.60,377.51
785.29,363.26,787.17,365.87
828.75,374.63,828.79,375.16
828.06,384.48,827.12,384.40
829.00,384.40,828.11,384.21
829.01,384.14,829.66,384.30
828.86,382.53,827.25,382.45
830.26,382.87,830.80,383.45
830.57,384.23,829.66,384.30
822.49,368.42,822.10,368.80
830.57,384.23,829.66,384.30
829.71,384.58,829.66,384.30
830.57,384.23,829.71,384.58
829.21,377.69,829.16,378.19
830.66,384.50,829.71,384.58
829.26,374.18,829.30,374.64
830.66,384.50,829.71,384.58
830.66,384.50,829.83,384.83
827.25,377.40,827.51,377.61
830.80,384.74,829.83,384.83
826.60,380.73,826.18,381.46
831.31,384.91,829.83,384.83
830.80,384.74,831.31,384.91
826.00,374.35,824.80,373.74
798.33,350.51,797.58,352.82
828.24,384.59,827.28,384.67
826.60,380.73,826.84,380.80
793.28,355.85,794.71,355.12
827.73,373.31,827.55,373.61
823.47,373.53,822.14,373.74
831.47,384.41,831.42,384.68
827.04,382.11,826.44,378.02
821.66,377.96,821.88,379.35
798.87,370.41,798.56,370.02
824.80,373.74,823.47,373.53
829.06,384.44,827.59,384.35
827.81,378.14,827.68,377.77
827.95,383.48,829.23,384.21
829.50,384.20,828.24,384.59
830.26,382.87,829.06,383.57
827.88,373.10,828.16,373.22
831.42,384.68,831.31,384.91
795.72,348.89,795.48,349.05
830.80,383.45,829.06,383.57
823.35,369.88,823.34,369.89
830.17,384.24,829.00,384.40
831.06,384.06,832.18,384.43
822.16,373.58,824.32,374.34
829.21,377.69,829.16,378.19
828.24,384.59,828.91,384.63
830.17,384.24,828.91,384.63
828.31,382.39,828.65,382.20
830.17,384.24,828.24,384.59
826.28,377.56,826.13,377.70
830.94,384.31,831.06,384.06
822.13,368.63,832.53,370.93
830.17,384.24,829.50,384.20
789.11,368.52,792.16,369.49
825.99,377.34,825.77,377.54
827.67,378.12,827.81,378.14
831.47,383.49,830.17,384.24
830.47,384.60,831.42,384.68
795.24,350.02,797.58,352.82
822.65,377.21,822.96,377.42
827.21,384.14,828.75,384.23
832.72,382.53,830.80,383.45
828.73,374.62,828.20,374.14
827.59,384.35,828.86,384.74
825.94,371.11,823.46,371.05
806.43,360.00,805.33,356.74
830.23,384.02,829.00,384.40
823.35,369.88,823.46,371.05
830.17,384.24,828.91,384.63
829.43,377.49,829.21,377.69
831.47,383.49,831.50,383.29
831.38,383.67,830.19,382.73
827.46,374.06,827.55,373.61
831.01,384.55,832.19,384.70
830.17,384.24,831.47,383.49
827.58,375.12,827.77,375.57
829.63,374.34,826.84,374.89
823.72,381.94,823.28,382.11
823.47,373.53,822.14,373.74
831.26,377.93,831.06,377.77
829.63,382.59,827.67,378.12
825.44,370.75,823.32,370.69
830.67,382.63,830.46,382.30
827.32,374.58,827.31,374.01
830.94,384.31,829.66,383.58
830.23,384.02,829.00,384.40
786.63,366.43,789.11,368.52
828.76,375.21,828.66,375.70
830.13,383.77,829.01,384.14
828.76,375.21,828.70,375.61
830.13,383.77,830.57,384.23
828.47,382.63,828.31,382.39
829.21,377.69,828.66,375.70
802.43,360.00,799.36,364.21
831.38,383.67,830.19,382.73
828.79,375.16,828.70,375.61
831.68,383.86,830.57,384.23
820.25,374.89,820.25,380.80
823.75,383.45,825.72,384.24
829.13,373.78,829.26,374.18
831.90,384.11,830.66,384.50
793.28,355.85,792.15,356.99
860.07,370.33,802.25,368.98
831.47,384.41,830.47,384.60
822.52,375.31,822.84,374.98
830.46,382.30,829.85,378.17
801.42,360.00,807.64,360.00
820.91,381.46,820.25,380.80
823.72,369.83,824.78,369.89
804.71,366.53,806.28,363.43
827.77,375.57,828.01,375.88
829.69,377.71,829.87,377.80
805.49,355.78,804.04,355.04
830.13,383.77,830.23,384.02
828.79,374.63,828.79,375.16
831.27,376.60,831.49,377.99
823.28,382.11,823.93,382.26
829.48,374.98,826.84,374.89
831.90,384.11,832.07,384.35
826.18,374.22,826.84,374.89
831.06,384.06,832.19,384.70
830.02,377.66,829.87,377.80
830.45,376.56,831.49,377.99
829.81,375.31,829.81,380.61
825.94,371.11,825.77,377.54
822.84,374.98,820.25,374.89
825.25,382.02,825.08,382.45
829.66,383.58,828.86,382.53
826.84,374.89,829.48,374.98
829.92,382.90,829.63,382.59
829.48,380.93,826.84,374.89
827.81,378.14,827.67,378.12
826.84,380.80,826.84,374.89
826.28,383.60,827.59,384.35
829.48,380.93,829.63,381.65
823.47,377.84,820.93,381.33
826.97,369.81,822.60,381.95
826.84,374.89,826.00,374.35
824.32,381.65,822.84,380.93
795.31,349.46,798.87,349.59
823.47,377.84,824.80,381.94
825.58,382.29,824.32,381.65
828.73,374.62,828.32,375.46
827.28,384.67,827.94,384.71
822.16,382.10,820.91,381.46
824.32,374.34,822.84,374.98
797.88,355.12,797.58,352.82
827.61,373.20,827.88,373.10
820.91,374.22,822.84,374.98
822.16,373.58,820.91,374.22
805.23,360.00,802.42,362.33
823.32,375.34,824.32,374.34
823.35,369.88,823.34,369.89
820.25,374.89,822.84,374.98
786.78,353.80,785.29,356.74
822.65,377.21,823.46,371.05
828.73,375.83,828.95,375.74
805.90,363.38,805.33,363.26
787.70,360.00,788.07,362.33
823.47,377.84,820.93,374.35
821.88,376.56,821.66,377.96
826.18,381.46,824.93,382.10
821.88,379.35,822.68,379.39
821.88,376.56,822.52,375.31
829.54,377.85,829.16,378.19
802.42,357.67,801.35,355.56
827.43,375.16,827.32,374.58
825.58,373.70,824.32,374.34
786.63,353.56,785.07,356.62
822.46,377.99,821.88,379.35
828.73,374.62,828.73,375.83
823.54,373.36,825.58,373.70
828.73,374.62,829.26,375.10
823.54,373.36,822.16,373.58
828.24,384.59,827.87,383.94
828.37,373.70,826.97,373.48
829.63,374.34,826.18,374.22
831.06,384.06,829.44,383.97
827.28,384.67,826.97,384.01
826.98,384.63,828.06,384.48
799.36,364.21,800.82,364.95
822.81,377.56,822.80,377.92
828.73,374.62,828.20,375.06
824.93,373.58,826.97,373.48
829.50,384.20,829.06,383.57
826.18,374.22,828.37,373.70
830.45,376.56,829.81,380.61
824.65,377.94,824.92,382.20
826.28,377.56,826.45,377.66
828.20,374.14,828.16,374.60
828.93,370.84,825.44,370.75
826.97,369.81,822.60,381.95
806.83,360.00,806.28,356.57
829.48,374.98,829.63,374.34
805.33,363.26,805.23,360.00
830.94,384.31,829.83,383.35
820.93,381.33,820.33,380.73
823.47,377.84,820.33,380.73
826.60,374.95,826.00,374.35
824.80,381.94,823.47,382.15
826.97,369.81,823.69,382.87
826.84,374.89,826.60,374.95
830.45,379.35,829.81,380.61
823.32,380.65,824.32,381.65
804.74,363.08,805.23,360.00
804.34,353.56,801.92,351.14
829.46,371.21,825.94,371.11
802.43,360.00,806.64,363.06
820.25,380.80,820.33,380.73
822.13,368.63,822.10,368.80
827.94,384.71,827.28,384.67
820.25,374.89,820.33,380.73
827.81,378.14,828.05,378.09
805.33,363.26,805.85,360.00
830.94,384.31,829.66,383.58
820.93,381.33,820.25,380.80
826.97,369.81,821.22,369.81
831.47,383.49,830.80,383.45
825.94,371.11,827.31,374.01
826.97,369.81,829.06,383.57
829.53,378.22,829.54,377.85
820.91,381.46,820.25,380.80
824.35,377.42,824.30,377.63
822.14,381.94,820.93,381.33
824.10,377.47,824.30,377.63
825.94,371.11,827.88,373.10
826.97,369.81,830.26,382.87
820.91,381.46,820.93,381.33
805.90,363.38,806.43,360.00
828.43,382.82,828.47,382.63
824.35,377.42,823.28,377.37
822.14,381.94,820.91,381.46
791.42,358.41,791.17,360.00
832.28,384.83,830.80,384.74
823.47,382.15,822.14,381.94
801.42,360.00,801.17,358.41
827.91,376.00,828.20,376.12
823.47,382.15,822.16,382.10
824.93,373.58,828.37,373.70
827.64,383.86,828.75,384.23
830.63,380.65,829.63,381.65
828.13,382.51,827.67,378.12
831.18,383.88,832.50,384.64
823.54,382.32,822.16,382.10
826.97,369.81,826.97,384.01
804.71,366.53,806.28,363.43
829.16,378.19,827.67,378.12
826.97,369.81,831.35,381.95
820.25,374.89,820.33,374.95
820.86,369.80,822.39,377.90
786.74,366.53,789.05,368.86
805.49,364.21,806.64,363.06
822.46,377.99,822.68,379.39
824.62,383.29,823.93,382.26
827.59,384.35,828.77,384.50
823.54,382.32,823.47,382.15
820.33,374.95,820.25,374.89
824.93,382.10,824.80,381.94
831.40,378.30,831.27,378.28
830.45,379.35,830.45,376.56
822.16,373.58,820.91,374.22
828.73,374.62,828.95,373.51
795.24,369.98,798.33,369.49
820.93,374.35,820.91,374.22
825.94,371.11,827.25,377.40
801.92,351.14,801.50,351.47
822.14,373.74,820.93,374.35
829.63,382.59,828.13,382.51
823.54,373.36,822.16,373.58
860.07,370.33,799.15,370.56
820.93,374.35,820.33,374.95
822.14,373.74,822.16,373.58
792.10,370.41,795.48,370.95
829.21,377.69,829.54,377.85
823.54,373.36,822.14,373.74
822.14,373.74,820.93,374.35
823.47,373.53,823.54,373.36
824.26,377.98,824.72,382.34
799.68,353.89,797.58,352.82
832.07,384.35,830.80,384.74
789.11,368.52,792.05,370.02
826.42,383.16,823.93,382.26
829.54,377.85,829.87,377.80
824.93,373.58,823.47,373.53
797.88,355.12,796.30,354.87
830.23,384.02,831.50,383.29
820.25,380.80,822.84,380.93
801.35,355.56,799.68,353.89
789.05,368.86,792.10,370.41
826.31,384.59,827.94,384.71
831.32,377.71,830.02,377.66
829.81,375.31,830.63,375.34
824.10,377.47,824.43,377.99
786.78,366.19,789.11,368.52
829.69,377.71,830.02,377.66
826.60,374.95,826.00,374.35
826.00,381.33,824.80,381.94
826.84,380.80,826.60,380.73
826.84,374.89,826.84,380.80
823.84,377.26,824.30,377.63
826.60,374.95,826.84,374.89
821.88,379.35,822.52,375.31
822.84,374.98,820.25,380.80
825.94,371.11,824.10,377.47
830.45,379.35,829.81,380.61
826.77,382.54,827.25,382.45
802.43,360.00,802.43,354.79
828.95,373.51,829.13,373.78
804.74,356.91,802.79,360.00
822.60,381.95,823.69,382.87
827.25,377.40,827.68,377.77
826.00,374.35,826.18,374.22
792.10,370.41,792.05,370.02
828.73,373.41,828.95,373.51
805.90,356.62,803.83,353.80
793.28,364.15,794.71,364.88
830.45,376.56,829.81,375.31
823.13,377.87,823.72,381.94
831.01,384.55,832.28,384.95
823.47,377.84,823.47,373.53
822.52,375.31,822.84,374.98
786.78,353.80,785.75,356.91
822.65,377.21,823.84,377.26
823.47,382.15,822.14,381.94
822.68,379.39,823.32,380.65
806.64,363.06,807.38,361.61
830.57,384.23,829.01,384.14
826.97,382.51,825.58,382.29
823.47,377.84,826.60,380.73
822.52,375.31,822.84,380.93
822.52,380.61,822.84,380.93
823.47,377.84,824.80,373.74
822.52,375.31,822.52,380.61
804.34,366.43,805.90,363.38
829.63,382.59,829.16,378.19
831.26,377.93,830.85,377.54
829.48,374.98,829.48,380.93
856.51,347.86,802.25,351.02
831.64,378.25,831.52,377.87
829.81,380.61,829.48,380.93
802.43,360.00,797.22,360.00
804.04,364.95,805.49,364.21
831.68,383.86,830.13,383.77
823.54,382.32,826.97,382.51
829.48,374.98,829.81,380.61
829.85,378.17,831.64,378.25
830.45,379.35,830.67,377.96
822.84,380.93,820.25,380.80
829.48,374.98,829.81,375.31
823.32,369.89,823.35,369.88
824.93,382.10,828.37,382.29
821.88,379.35,822.52,380.61
787.17,354.13,785.75,356.91
831.06,377.77,831.32,377.71
822.52,380.61,823.32,380.65
820.91,374.22,824.32,374.34
825.04,382.63,824.72,382.34
799.31,364.15,800.44,363.01
830.13,383.77,831.34,383.07
826.18,381.46,829.63,381.65
805.33,363.26,804.74,363.08
831.12,377.76,829.46,371.21
825.05,384.20,825.72,384.24
821.88,376.56,821.66,377.96
789.05,351.14,786.78,353.80
832.50,384.64,831.01,384.55
822.68,376.60,821.66,377.96
828.11,384.21,827.12,384.40
829.01,384.14,828.11,384.21
829.83,384.83,829.71,384.58
829.66,384.30,828.11,384.21
804.34,353.56,804.71,353.47
829.46,371.21,830.85,377.54
825.72,384.24,826.31,384.59
826.18,381.46,829.48,380.93
821.88,376.56,822.52,375.31
828.65,382.20,828.05,378.09
789.20,351.02,786.74,353.47
831.18,383.88,829.69,383.80
828.05,378.09,827.93,377.72
823.32,375.34,822.52,375.31
785.75,363.08,788.07,362.33
789.05,351.14,786.63,353.56
832.50,384.64,831.18,383.88
822.90,369.81,823.11,369.83
828.73,374.62,829.30,374.64
826.44,378.02,826.45,377.66
822.68,376.60,823.32,375.34
821.88,376.56,822.68,376.60
828.73,375.83,828.52,375.90
830.45,376.56,830.67,377.96
823.47,377.84,826.00,374.35
803.32,365.87,799.68,366.10
827.51,377.61,827.31,374.01
830.63,380.65,829.81,380.61
830.02,382.48,830.46,382.30
830.45,379.35,830.63,380.65
805.33,356.74,803.83,353.80
828.47,382.63,828.86,382.53
784.62,360.00,785.07,363.38
828.20,375.06,828.32,375.46
830.80,384.74,829.83,384.83
828.73,374.62,828.51,375.73
823.54,373.36,826.97,373.48
826.60,374.95,823.47,377.84
831.27,379.39,830.63,380.65
821.88,379.35,821.66,377.96
830.67,377.96,830.45,379.35
831.27,379.39,830.45,379.35
829.13,375.49,828.95,375.74
830.67,377.96,831.27,379.39
805.90,356.62,804.34,353.56
828.13,382.51,828.31,382.39
820.91,374.22,820.33,374.95
828.20,376.12,828.01,375.88
824.43,377.99,824.92,382.20
828.73,374.62,828.16,374.60
821.88,376.56,821.88,379.35
789.14,355.56,791.42,358.41
832.28,384.83,831.31,384.91
826.97,369.81,821.22,369.81
804.04,355.04,802.43,354.79
831.50,383.29,831.34,383.07
831.49,377.99,831.27,379.39
824.30,377.63,824.10,377.47
792.16,369.49,795.24,369.98
824.72,382.34,825.04,382.63
831.90,382.58,831.64,378.25
829.81,375.31,830.45,376.56
828.75,374.63,828.64,374.05
828.70,375.61,828.52,375.90
831.49,377.99,830.67,377.96
832.07,384.35,830.66,384.50
827.42,373.52,827.31,374.01
826.18,381.46,826.00,381.33
829.46,371.21,828.16,373.22
826.60,374.95,826.60,380.73
825.94,371.11,827.42,373.52
831.35,381.95,830.26,382.87
824.93,373.58,823.54,373.36
822.18,382.21,820.86,369.80
826.97,369.81,832.73,369.81
827.51,377.61,827.32,374.58
829.44,383.97,828.21,383.26
831.06,377.77,829.69,377.71
828.66,375.70,828.76,375.21
828.95,373.51,829.13,373.78
801.42,360.00,802.79,360.00
827.91,376.00,827.64,375.66
831.34,383.07,832.30,382.26
801.17,361.58,802.42,362.33
828.66,375.70,828.46,376.02
828.93,370.84,822.13,368.63
792.91,352.82,793.28,355.85
824.10,377.47,823.84,377.26
792.91,352.82,794.71,355.12
824.10,377.47,823.46,371.05
831.90,384.11,830.66,384.50
798.87,349.59,798.56,349.98
821.72,369.82,823.34,369.89
821.72,369.82,823.46,371.05
798.87,349.59,799.15,349.44
825.44,370.75,822.10,368.80
795.31,370.54,798.33,369.49
830.94,384.31,829.69,383.80
825.71,370.89,823.35,370.83
823.46,371.05,823.34,369.89
795.24,352.45,796.30,354.87
822.13,368.63,825.44,370.75
820.25,374.89,820.25,380.80
827.47,374.59,827.32,374.58
829.46,371.21,825.94,371.11
826.28,383.60,825.04,382.63
824.32,381.65,820.25,380.80
828.21,383.26,827.25,382.45
824.43,377.99,824.92,382.20
829.83,383.35,828.86,382.53
805.90,356.62,806.28,356.57
802.79,360.00,802.42,357.67
827.64,375.66,827.43,375.16
824.42,383.49,823.17,382.53
801.92,351.14,802.25,351.02
825.94,371.11,825.99,377.34
802.43,360.00,798.21,363.06
828.79,375.16,828.76,375.21
829.81,380.61,829.63,381.65
828.31,382.39,827.67,378.12
831.01,384.55,832.28,384.95
829.46,371.21,827.88,373.10
831.12,377.76,830.85,377.54
806.43,360.00,806.83,360.00
789.38,351.92,787.17,354.13
821.66,377.96,822.46,377.99
829.06,384.44,830.34,384.83
825.88,384.02,825.72,384.24
822.18,382.21,822.51,382.49
801.92,368.86,802.25,368.98
829.13,375.49,828.95,375.74
792.15,356.99,791.42,358.41
830.66,384.50,830.57,384.23
826.18,374.22,824.93,373.58
829.83,384.83,831.31,384.91
820.91,374.22,820.25,374.89
830.23,384.02,831.50,383.29
791.42,358.41,788.07,357.67
829.63,381.65,828.37,382.29
833.09,371.30,829.20,370.98
830.94,384.31,832.19,384.70
829.26,375.10,829.13,375.49
799.68,353.89,797.88,355.12
827.42,373.52,827.61,373.20
828.51,375.73,828.73,375.83
824.80,373.74,823.47,373.53
822.84,380.93,822.84,374.98
832.50,384.64,829.69,383.80
826.42,383.16,825.46,382.35
804.34,366.43,805.33,363.26
829.63,382.59,828.13,382.51
794.71,364.88,796.30,365.13
829.46,371.21,828.43,373.56
832.38,384.33,831.47,384.41
801.11,368.07,799.68,366.10
827.48,377.61,827.25,377.40
823.14,377.51,823.28,377.37
820.91,381.46,824.32,381.65
832.28,384.83,831.31,384.91
829.30,374.64,829.26,375.10
827.25,382.45,826.61,382.29
831.06,384.06,830.56,384.33
800.44,356.99,799.31,355.85
822.85,382.24,823.44,382.36
823.35,370.83,823.46,371.05
822.16,373.58,820.93,374.35
790.81,366.10,794.71,364.88
832.37,384.60,831.47,384.41
802.43,365.21,804.04,364.95
826.26,383.38,825.08,382.45
831.68,383.86,830.57,384.23
828.32,373.75,828.51,373.50
856.51,372.14,795.72,371.10
831.68,383.86,830.66,384.50
825.77,377.54,825.73,378.04
822.52,380.61,822.84,380.93
674.68,230.02,517.12,344.81
784.77,360.00,785.75,363.08
828.43,373.56,828.68,374.10
831.90,382.58,831.40,378.30
823.69,382.87,824.89,383.57
825.72,384.24,826.98,384.63
831.27,378.28,831.74,382.70
831.06,377.77,829.43,377.49
823.28,382.11,823.44,382.36
824.35,377.42,824.53,377.57
829.85,378.17,829.54,377.85
784.53,360.00,784.62,360.00
823.72,381.94,823.93,382.26
820.86,369.80,822.90,369.81
828.93,370.84,832.53,370.93
828.86,384.74,830.34,384.83
828.21,383.26,829.44,383.97
824.43,377.99,824.65,377.94
826.18,381.46,826.84,380.80
821.88,376.56,823.32,375.34
820.86,369.80,821.72,369.82
829.06,383.57,827.87,383.94
828.43,373.56,828.16,373.22
828.20,376.12,827.91,376.00
820.91,374.22,820.25,374.89
831.35,381.95,830.26,382.87
832.37,382.21,831.35,381.95
822.96,377.42,823.14,377.51
829.81,380.61,829.48,380.93
823.54,382.32,826.97,382.51
822.52,375.31,824.32,374.34
801.92,351.14,798.87,349.59
830.56,384.33,832.18,384.43
826.00,374.35,824.80,373.74
831.06,384.06,829.83,383.35
795.72,348.89,799.15,349.44
822.16,373.58,825.58,373.70
551.23,483.16,687.37,372.27
440.26,368.27,328.98,298.84
832.28,384.83,831.42,384.68
802.43,360.00,798.21,356.94
831.47,384.41,830.56,384.33
830.63,375.34,831.27,376.60
827.81,378.14,827.68,377.77
827.51,377.61,827.64,375.66
826.10,383.77,827.21,384.14
795.31,349.46,798.56,349.98
823.47,377.84,823.47,382.15
832.04,382.49,831.35,381.95
821.22,369.81,823.11,369.83
824.93,373.58,823.54,373.36
830.26,382.87,829.06,383.57
828.51,373.50,828.73,373.41
798.33,369.49,795.24,367.55
829.44,383.97,830.56,384.33
822.16,382.10,825.58,382.29
827.81,378.14,827.51,377.61
802.42,362.33,802.79,360.00
827.51,377.61,827.91,376.00
805.90,363.38,805.85,360.00
823.47,377.84,822.14,381.94
792.15,356.99,798.21,356.94
831.06,377.77,829.69,377.71
822.44,377.40,822.39,377.90
828.73,374.62,828.73,373.41
820.33,374.95,820.33,380.73
805.90,363.38,806.28,363.43
823.47,377.84,826.00,381.33
826.28,377.56,826.60,377.51
821.72,369.82,822.65,377.21
823.13,377.87,825.25,382.02
823.47,377.84,822.14,373.74
825.94,371.11,827.61,373.20
826.97,369.81,831.35,381.95
829.66,384.30,828.75,384.23
831.27,376.60,830.45,376.56
830.19,382.73,830.02,382.48
829.71,384.58,829.83,384.83
824.93,382.10,823.54,382.32
826.45,377.66,826.60,377.51
793.28,364.15,794.71,364.88
832.38,384.33,831.47,384.41
830.94,384.31,832.19,384.70
828.73,374.62,829.26,374.18
799.31,355.85,797.88,355.12
824.80,373.74,824.93,373.58
794.71,355.12,793.28,355.85
823.46,371.05,823.84,377.26
826.97,373.48,825.58,373.70
800.82,355.04,802.43,360.00
825.88,384.02,824.42,383.49
822.18,382.21,822.60,381.95
828.73,373.41,828.95,373.51
282.39,461.38,440.26,368.27
789.20,368.98,792.29,370.56
833.09,371.30,829.46,371.21
827.55,373.61,827.46,374.06
824.62,383.29,825.88,384.02
551.23,483.16,517.12,344.81
830.02,382.48,829.53,378.22
822.60,381.95,821.22,369.81
799.15,370.56,801.92,368.86
829.01,384.14,829.00,384.40
823.32,370.69,823.35,370.83
829.44,383.97,830.56,384.33
824.43,368.25,824.36,368.42
826.84,380.80,829.48,380.93
